ID,results
tour_1,
tour_100,
tour_1001,
tour_1006,
tour_1009,
tour_1010,
tour_1014,
tour_1015,
tour_1019,
tour_1020,
tour_1023,
tour_1025,
tour_1031,
tour_1037,
tour_1044,
tour_1053,
tour_1056,
tour_106,
tour_1064,
tour_1069,
tour_1077,
tour_1084,
tour_1087,
tour_1089,
tour_1091,
tour_1093,
tour_1094,
tour_110,
tour_1100,
tour_1101,
tour_1105,
tour_1106,
tour_111,
tour_1112,
tour_1113,
tour_1114,
tour_1117,
tour_1119,
tour_1127,
tour_1140,
tour_1141,
tour_1143,
tour_1145,
tour_1148,
tour_1153,
tour_1156,
tour_1157,
tour_1160,
tour_1169,
tour_1170,
tour_1177,
tour_1180,
tour_1185,
tour_1187,
tour_1189,
tour_119,
tour_1199,
tour_120,
tour_1204,
tour_1206,
tour_1218,
tour_1223,
tour_1225,
tour_1227,
tour_1228,
tour_1229,
tour_1232,
tour_1236,
tour_1237,
tour_124,
tour_1240,
tour_1243,
tour_125,
tour_1250,
tour_1251,
tour_1255,
tour_1257,
tour_1258,
tour_1264,
tour_1266,
tour_1268,
tour_1269,
tour_127,
tour_1270,
tour_1272,
tour_1277,
tour_1280,
tour_1283,
tour_1284,
tour_1285,
tour_1288,
tour_1292,
tour_1293,
tour_1297,
tour_1299,
tour_130,
tour_1300,
tour_1301,
tour_1307,
tour_131,
tour_1317,
tour_1318,
tour_1320,
tour_1322,
tour_1323,
tour_1341,
tour_1346,
tour_1348,
tour_1352,
tour_1354,
tour_1355,
tour_1365,
tour_1366,
tour_1374,
tour_1378,
tour_1389,
tour_1392,
tour_1396,
tour_1398,
tour_140,
tour_1403,
tour_1407,
tour_1416,
tour_1421,
tour_1424,
tour_1428,
tour_1433,
tour_1434,
tour_1435,
tour_1437,
tour_1438,
tour_1441,
tour_1442,
tour_1449,
tour_1450,
tour_1451,
tour_1459,
tour_1463,
tour_1468,
tour_1470,
tour_1477,
tour_1479,
tour_1484,
tour_1488,
tour_1497,
tour_1499,
tour_15,
tour_1502,
tour_1503,
tour_1515,
tour_1517,
tour_1521,
tour_1522,
tour_1523,
tour_1527,
tour_153,
tour_1532,
tour_1535,
tour_1539,
tour_154,
tour_1540,
tour_1544,
tour_1546,
tour_1549,
tour_1552,
tour_1553,
tour_1554,
tour_1557,
tour_1566,
tour_1568,
tour_1569,
tour_158,
tour_1583,
tour_1584,
tour_1588,
tour_159,
tour_1594,
tour_1595,
tour_160,
tour_1603,
tour_1608,
tour_161,
tour_1611,
tour_1615,
tour_1622,
tour_1624,
tour_1625,
tour_1627,
tour_1630,
tour_1632,
tour_1637,
tour_164,
tour_1641,
tour_1643,
tour_1649,
tour_1650,
tour_1651,
tour_1654,
tour_1657,
tour_1660,
tour_1668,
tour_167,
tour_1674,
tour_1676,
tour_1680,
tour_1682,
tour_1689,
tour_1695,
tour_1696,
tour_1699,
tour_1704,
tour_171,
tour_1711,
tour_1717,
tour_1718,
tour_1734,
tour_1743,
tour_1744,
tour_1745,
tour_175,
tour_1754,
tour_1759,
tour_1766,
tour_177,
tour_1770,
tour_1772,
tour_1773,
tour_1777,
tour_178,
tour_179,
tour_1792,
tour_1793,
tour_1796,
tour_1804,
tour_1809,
tour_1815,
tour_1819,
tour_1820,
tour_1826,
tour_1827,
tour_183,
tour_1830,
tour_1834,
tour_1836,
tour_1839,
tour_1843,
tour_1846,
tour_1849,
tour_1856,
tour_1863,
tour_1864,
tour_1865,
tour_1868,
tour_1874,
tour_1879,
tour_188,
tour_1888,
tour_1889,
tour_1892,
tour_1894,
tour_1901,
tour_1903,
tour_191,
tour_1910,
tour_1912,
tour_1924,
tour_1928,
tour_1932,
tour_1939,
tour_1948,
tour_1951,
tour_1952,
tour_1954,
tour_1955,
tour_1957,
tour_196,
tour_1964,
tour_1966,
tour_1976,
tour_198,
tour_1983,
tour_1984,
tour_1987,
tour_1989,
tour_199,
tour_1990,
tour_1991,
tour_1992,
tour_1994,
tour_1995,
tour_1998,
tour_200,
tour_2007,
tour_201,
tour_2010,
tour_2011,
tour_2012,
tour_2013,
tour_2014,
tour_2017,
tour_2023,
tour_2025,
tour_2030,
tour_2035,
tour_2044,
tour_2051,
tour_2053,
tour_2056,
tour_2061,
tour_2062,
tour_2065,
tour_2066,
tour_2074,
tour_2075,
tour_2086,
tour_209,
tour_2091,
tour_2097,
tour_21,
tour_2102,
tour_2108,
tour_2117,
tour_2120,
tour_2126,
tour_2127,
tour_2128,
tour_2132,
tour_2133,
tour_2137,
tour_2141,
tour_2142,
tour_2147,
tour_2148,
tour_2150,
tour_2165,
tour_2167,
tour_2171,
tour_2173,
tour_2174,
tour_2181,
tour_2189,
tour_2192,
tour_2193,
tour_2197,
tour_2198,
tour_220,
tour_2208,
tour_2214,
tour_2215,
tour_2219,
tour_222,
tour_2224,
tour_2225,
tour_2226,
tour_2227,
tour_2232,
tour_2235,
tour_2238,
tour_224,
tour_2244,
tour_2245,
tour_2247,
tour_2249,
tour_2256,
tour_2257,
tour_2259,
tour_226,
tour_2262,
tour_2264,
tour_2269,
tour_227,
tour_2272,
tour_2273,
tour_2275,
tour_2279,
tour_2287,
tour_229,
tour_2293,
tour_2298,
tour_2300,
tour_2303,
tour_2304,
tour_2307,
tour_2309,
tour_2316,
tour_2320,
tour_2322,
tour_2323,
tour_2332,
tour_2335,
tour_234,
tour_2340,
tour_2341,
tour_2350,
tour_2359,
tour_236,
tour_2363,
tour_2365,
tour_2366,
tour_2369,
tour_237,
tour_2379,
tour_239,
tour_2390,
tour_2393,
tour_2397,
tour_2404,
tour_2406,
tour_2413,
tour_2415,
tour_2418,
tour_2427,
tour_2430,
tour_2431,
tour_2432,
tour_2437,
tour_244,
tour_2442,
tour_2452,
tour_2456,
tour_2460,
tour_2464,
tour_2467,
tour_2468,
tour_247,
tour_2472,
tour_2473,
tour_2474,
tour_2477,
tour_248,
tour_2481,
tour_2491,
tour_2494,
tour_2496,
tour_2497,
tour_2506,
tour_2508,
tour_2509,
tour_2512,
tour_2513,
tour_2514,
tour_2520,
tour_2522,
tour_2523,
tour_2531,
tour_2539,
tour_2541,
tour_2546,
tour_2552,
tour_2554,
tour_2555,
tour_2556,
tour_2561,
tour_2568,
tour_2571,
tour_2577,
tour_2581,
tour_2582,
tour_2589,
tour_2591,
tour_2593,
tour_2595,
tour_2596,
tour_2597,
tour_2599,
tour_26,
tour_2603,
tour_2604,
tour_261,
tour_2612,
tour_2614,
tour_2616,
tour_2619,
tour_262,
tour_2624,
tour_2626,
tour_2628,
tour_2640,
tour_2641,
tour_2642,
tour_2645,
tour_2649,
tour_2653,
tour_2657,
tour_266,
tour_2668,
tour_267,
tour_2676,
tour_268,
tour_2681,
tour_2683,
tour_2686,
tour_2688,
tour_269,
tour_2690,
tour_2691,
tour_2692,
tour_2700,
tour_2704,
tour_2706,
tour_2707,
tour_2713,
tour_272,
tour_2720,
tour_2724,
tour_2732,
tour_2738,
tour_2740,
tour_2744,
tour_2747,
tour_2752,
tour_2761,
tour_2763,
tour_2766,
tour_2779,
tour_278,
tour_2781,
tour_2784,
tour_2787,
tour_279,
tour_2790,
tour_2796,
tour_2797,
tour_2799,
tour_280,
tour_2803,
tour_2805,
tour_2808,
tour_2812,
tour_282,
tour_2821,
tour_2822,
tour_2823,
tour_2825,
tour_2832,
tour_284,
tour_2843,
tour_2848,
tour_2852,
tour_2853,
tour_2854,
tour_2857,
tour_2868,
tour_2869,
tour_2873,
tour_2874,
tour_2877,
tour_2878,
tour_2879,
tour_288,
tour_2893,
tour_2897,
tour_2898,
tour_29,
tour_2901,
tour_2907,
tour_2914,
tour_2923,
tour_2925,
tour_2926,
tour_2927,
tour_2928,
tour_2931,
tour_2934,
tour_2941,
tour_2947,
tour_2948,
tour_2951,
tour_2953,
tour_2955,
tour_2956,
tour_2964,
tour_2967,
tour_2983,
tour_2986,
tour_2989,
tour_2995,
tour_3,
tour_300,
tour_3020,
tour_3021,
tour_3025,
tour_3029,
tour_3030,
tour_3034,
tour_3045,
tour_3058,
tour_3065,
tour_308,
tour_3083,
tour_3085,
tour_3094,
tour_3096,
tour_3097,
tour_3098,
tour_3099,
tour_310,
tour_3101,
tour_3106,
tour_311,
tour_3110,
tour_312,
tour_3122,
tour_3123,
tour_3125,
tour_3128,
tour_313,
tour_3133,
tour_3134,
tour_3136,
tour_3139,
tour_3141,
tour_3145,
tour_3147,
tour_315,
tour_3165,
tour_3168,
tour_3179,
tour_3191,
tour_3195,
tour_320,
tour_3208,
tour_3209,
tour_3210,
tour_3212,
tour_3217,
tour_3218,
tour_323,
tour_3233,
tour_3235,
tour_3237,
tour_3244,
tour_3247,
tour_3249,
tour_3252,
tour_3254,
tour_3257,
tour_3259,
tour_3261,
tour_3267,
tour_3269,
tour_3271,
tour_3273,
tour_3283,
tour_329,
tour_33,
tour_3303,
tour_3304,
tour_3306,
tour_3310,
tour_3312,
tour_3316,
tour_3319,
tour_3322,
tour_3326,
tour_3327,
tour_333,
tour_3332,
tour_3334,
tour_3335,
tour_3339,
tour_334,
tour_3342,
tour_3345,
tour_3346,
tour_3350,
tour_3353,
tour_3358,
tour_336,
tour_3361,
tour_3365,
tour_337,
tour_3372,
tour_3384,
tour_3389,
tour_3392,
tour_3404,
tour_341,
tour_3414,
tour_3421,
tour_3423,
tour_3425,
tour_3426,
tour_343,
tour_3441,
tour_3444,
tour_345,
tour_3451,
tour_3455,
tour_3459,
tour_346,
tour_3462,
tour_3465,
tour_3473,
tour_3476,
tour_3479,
tour_348,
tour_3480,
tour_3485,
tour_3494,
tour_3497,
tour_35,
tour_3504,
tour_3513,
tour_3516,
tour_3523,
tour_3525,
tour_3526,
tour_353,
tour_3530,
tour_3533,
tour_3535,
tour_3540,
tour_3548,
tour_356,
tour_3561,
tour_3562,
tour_3567,
tour_3571,
tour_3572,
tour_3579,
tour_3589,
tour_3593,
tour_3598,
tour_36,
tour_3600,
tour_3603,
tour_3605,
tour_3609,
tour_361,
tour_3610,
tour_3613,
tour_3615,
tour_3618,
tour_3620,
tour_3622,
tour_3623,
tour_3626,
tour_3637,
tour_364,
tour_3644,
tour_3645,
tour_3650,
tour_3654,
tour_3657,
tour_3659,
tour_3662,
tour_3665,
tour_3668,
tour_367,
tour_3674,
tour_3679,
tour_3680,
tour_3684,
tour_3690,
tour_3691,
tour_3692,
tour_3693,
tour_3704,
tour_3709,
tour_3711,
tour_3715,
tour_3716,
tour_3722,
tour_3723,
tour_3726,
tour_3727,
tour_373,
tour_3732,
tour_3739,
tour_374,
tour_3742,
tour_3750,
tour_3751,
tour_3758,
tour_3759,
tour_3761,
tour_3768,
tour_3771,
tour_3773,
tour_3774,
tour_3776,
tour_3779,
tour_378,
tour_3787,
tour_379,
tour_3795,
tour_3798,
tour_3802,
tour_3827,
tour_3828,
tour_3830,
tour_3832,
tour_3833,
tour_3834,
tour_384,
tour_3841,
tour_3845,
tour_385,
tour_3855,
tour_3856,
tour_3857,
tour_386,
tour_3864,
tour_3866,
tour_3869,
tour_387,
tour_3870,
tour_3872,
tour_3873,
tour_3877,
tour_3879,
tour_389,
tour_3896,
tour_390,
tour_3902,
tour_3908,
tour_3912,
tour_3915,
tour_3916,
tour_3917,
tour_3928,
tour_3930,
tour_3934,
tour_3935,
tour_3936,
tour_3938,
tour_3939,
tour_3940,
tour_3942,
tour_3945,
tour_3954,
tour_3966,
tour_3970,
tour_3989,
tour_3990,
tour_3993,
tour_3995,
tour_3996,
tour_3999,
tour_4000,
tour_4010,
tour_4015,
tour_4016,
tour_4019,
tour_402,
tour_4020,
tour_4032,
tour_4033,
tour_4034,
tour_4035,
tour_4037,
tour_404,
tour_4042,
tour_4048,
tour_405,
tour_4050,
tour_4051,
tour_406,
tour_4061,
tour_4069,
tour_4070,
tour_4073,
tour_4081,
tour_4082,
tour_4088,
tour_4089,
tour_41,
tour_4102,
tour_4103,
tour_4104,
tour_4109,
tour_411,
tour_4111,
tour_4116,
tour_4126,
tour_4132,
tour_4136,
tour_4138,
tour_4139,
tour_414,
tour_4141,
tour_4143,
tour_4144,
tour_4145,
tour_4146,
tour_4151,
tour_4152,
tour_4162,
tour_4163,
tour_4166,
tour_4173,
tour_4174,
tour_4175,
tour_4177,
tour_4178,
tour_418,
tour_4182,
tour_4184,
tour_4185,
tour_4188,
tour_419,
tour_4192,
tour_4194,
tour_4196,
tour_4199,
tour_42,
tour_4204,
tour_4211,
tour_4212,
tour_4217,
tour_4219,
tour_4226,
tour_4228,
tour_4229,
tour_423,
tour_4234,
tour_4235,
tour_424,
tour_4247,
tour_4250,
tour_4253,
tour_4260,
tour_4268,
tour_4280,
tour_4284,
tour_4289,
tour_4293,
tour_4294,
tour_4296,
tour_4298,
tour_43,
tour_4302,
tour_4317,
tour_4321,
tour_4327,
tour_4328,
tour_4330,
tour_434,
tour_4340,
tour_4347,
tour_435,
tour_4350,
tour_4354,
tour_4358,
tour_4363,
tour_4365,
tour_4372,
tour_4374,
tour_438,
tour_4381,
tour_4384,
tour_4386,
tour_4394,
tour_4396,
tour_4402,
tour_4411,
tour_4417,
tour_442,
tour_4420,
tour_4421,
tour_4425,
tour_4435,
tour_4443,
tour_4444,
tour_4445,
tour_4448,
tour_4449,
tour_4451,
tour_4463,
tour_4464,
tour_4467,
tour_4470,
tour_4474,
tour_4475,
tour_4479,
tour_4487,
tour_4491,
tour_4492,
tour_4496,
tour_4497,
tour_4499,
tour_4501,
tour_4507,
tour_4508,
tour_4509,
tour_451,
tour_4514,
tour_4520,
tour_4521,
tour_4529,
tour_4533,
tour_4543,
tour_4549,
tour_4562,
tour_4569,
tour_4571,
tour_4575,
tour_4578,
tour_4581,
tour_459,
tour_460,
tour_4602,
tour_4603,
tour_4618,
tour_4620,
tour_4621,
tour_4625,
tour_463,
tour_4641,
tour_4659,
tour_4666,
tour_467,
tour_4675,
tour_4679,
tour_4681,
tour_4682,
tour_4691,
tour_4698,
tour_470,
tour_4702,
tour_4704,
tour_4707,
tour_4712,
tour_4721,
tour_4722,
tour_4723,
tour_473,
tour_4730,
tour_4739,
tour_4742,
tour_4743,
tour_4756,
tour_476,
tour_4769,
tour_477,
tour_4782,
tour_4784,
tour_4787,
tour_4807,
tour_4811,
tour_4812,
tour_4816,
tour_482,
tour_4820,
tour_4822,
tour_4824,
tour_4826,
tour_4827,
tour_4829,
tour_4831,
tour_4832,
tour_4837,
tour_4844,
tour_4846,
tour_4848,
tour_4851,
tour_4854,
tour_4869,
tour_4873,
tour_4876,
tour_4878,
tour_488,
tour_489,
tour_4892,
tour_4896,
tour_49,
tour_4903,
tour_4905,
tour_4909,
tour_4918,
tour_4926,
tour_493,
tour_4931,
tour_4935,
tour_4938,
tour_4939,
tour_4940,
tour_4945,
tour_4948,
tour_4954,
tour_4956,
tour_4960,
tour_4961,
tour_4962,
tour_4971,
tour_4975,
tour_4978,
tour_4980,
tour_4981,
tour_4988,
tour_499,
tour_4995,
tour_4998,
tour_5004,
tour_5008,
tour_5009,
tour_5012,
tour_5015,
tour_5016,
tour_502,
tour_5024,
tour_5033,
tour_5038,
tour_5039,
tour_5041,
tour_5042,
tour_5046,
tour_5050,
tour_5059,
tour_5060,
tour_5062,
tour_5066,
tour_5075,
tour_5081,
tour_5090,
tour_5094,
tour_5096,
tour_5099,
tour_5103,
tour_5104,
tour_5111,
tour_5113,
tour_5127,
tour_5129,
tour_5138,
tour_514,
tour_5140,
tour_5143,
tour_515,
tour_5154,
tour_5155,
tour_5160,
tour_5162,
tour_5168,
tour_517,
tour_5174,
tour_5178,
tour_5179,
tour_5180,
tour_5183,
tour_5186,
tour_5188,
tour_5189,
tour_5193,
tour_5194,
tour_5196,
tour_5199,
tour_5203,
tour_5204,
tour_521,
tour_5212,
tour_5213,
tour_5215,
tour_5216,
tour_5217,
tour_5219,
tour_5222,
tour_5226,
tour_5235,
tour_5240,
tour_5242,
tour_525,
tour_5254,
tour_5256,
tour_5262,
tour_5266,
tour_5267,
tour_5271,
tour_5278,
tour_5282,
tour_5284,
tour_5287,
tour_5292,
tour_5295,
tour_5298,
tour_5302,
tour_5303,
tour_5308,
tour_5309,
tour_531,
tour_532,
tour_5325,
tour_5334,
tour_5337,
tour_5341,
tour_5342,
tour_5343,
tour_5349,
tour_5350,
tour_5354,
tour_5355,
tour_536,
tour_5360,
tour_5362,
tour_5367,
tour_5369,
tour_5379,
tour_538,
tour_5380,
tour_5386,
tour_5389,
tour_539,
tour_5393,
tour_5397,
tour_54,
tour_5403,
tour_5405,
tour_5406,
tour_5407,
tour_5409,
tour_5410,
tour_5420,
tour_5423,
tour_543,
tour_5431,
tour_5432,
tour_5438,
tour_5444,
tour_5450,
tour_5452,
tour_5461,
tour_5465,
tour_5470,
tour_5477,
tour_5479,
tour_5481,
tour_5483,
tour_5486,
tour_549,
tour_5490,
tour_5491,
tour_5492,
tour_5495,
tour_5499,
tour_550,
tour_5506,
tour_5508,
tour_5509,
tour_5512,
tour_5519,
tour_5521,
tour_5524,
tour_5525,
tour_5527,
tour_5529,
tour_553,
tour_5531,
tour_5546,
tour_5549,
tour_5552,
tour_5553,
tour_5555,
tour_556,
tour_5566,
tour_5567,
tour_5569,
tour_557,
tour_5586,
tour_5588,
tour_559,
tour_5590,
tour_5600,
tour_5601,
tour_5603,
tour_5609,
tour_561,
tour_5610,
tour_5613,
tour_5617,
tour_5618,
tour_5619,
tour_562,
tour_5625,
tour_5628,
tour_5629,
tour_5635,
tour_5639,
tour_5644,
tour_5647,
tour_5660,
tour_5661,
tour_567,
tour_5671,
tour_5675,
tour_5676,
tour_5677,
tour_5680,
tour_5690,
tour_5692,
tour_5698,
tour_570,
tour_5700,
tour_5702,
tour_5704,
tour_5708,
tour_5709,
tour_5711,
tour_5715,
tour_5720,
tour_5725,
tour_573,
tour_5733,
tour_5737,
tour_5740,
tour_5747,
tour_5748,
tour_5749,
tour_5750,
tour_5751,
tour_5764,
tour_5768,
tour_5770,
tour_5773,
tour_5775,
tour_5778,
tour_5779,
tour_5781,
tour_5782,
tour_5783,
tour_5787,
tour_5796,
tour_5804,
tour_5808,
tour_5810,
tour_5811,
tour_5814,
tour_5815,
tour_582,
tour_5823,
tour_5824,
tour_5827,
tour_5829,
tour_5835,
tour_5840,
tour_5845,
tour_5847,
tour_5851,
tour_5854,
tour_5856,
tour_5862,
tour_5868,
tour_5879,
tour_5884,
tour_5888,
tour_5893,
tour_5895,
tour_5902,
tour_5906,
tour_5909,
tour_5910,
tour_5919,
tour_5923,
tour_5928,
tour_5936,
tour_5937,
tour_5938,
tour_5943,
tour_5946,
tour_5947,
tour_595,
tour_5951,
tour_5955,
tour_5957,
tour_5960,
tour_5965,
tour_5967,
tour_597,
tour_5974,
tour_598,
tour_5980,
tour_5997,
tour_60,
tour_600,
tour_6000,
tour_6002,
tour_6013,
tour_602,
tour_6023,
tour_6024,
tour_6026,
tour_6029,
tour_603,
tour_6035,
tour_604,
tour_6044,
tour_6047,
tour_605,
tour_6054,
tour_6057,
tour_606,
tour_6064,
tour_6070,
tour_6075,
tour_6076,
tour_6078,
tour_6081,
tour_6083,
tour_609,
tour_6100,
tour_6106,
tour_6113,
tour_6118,
tour_6123,
tour_6126,
tour_6127,
tour_6128,
tour_6129,
tour_6131,
tour_6144,
tour_6146,
tour_6151,
tour_6157,
tour_6160,
tour_6161,
tour_6170,
tour_6172,
tour_6174,
tour_6191,
tour_6195,
tour_6199,
tour_62,
tour_620,
tour_6202,
tour_6204,
tour_6209,
tour_6213,
tour_6215,
tour_6218,
tour_6228,
tour_6237,
tour_6241,
tour_6244,
tour_625,
tour_6252,
tour_6261,
tour_6262,
tour_6263,
tour_6266,
tour_6267,
tour_6272,
tour_6273,
tour_6280,
tour_6281,
tour_6282,
tour_6284,
tour_6290,
tour_6291,
tour_6293,
tour_6296,
tour_6302,
tour_6307,
tour_6309,
tour_6310,
tour_6322,
tour_6328,
tour_6329,
tour_6331,
tour_6338,
tour_634,
tour_6340,
tour_6342,
tour_6343,
tour_6347,
tour_6349,
tour_6350,
tour_6351,
tour_6353,
tour_6358,
tour_6362,
tour_6363,
tour_6365,
tour_6366,
tour_6371,
tour_6379,
tour_6383,
tour_6391,
tour_6404,
tour_6413,
tour_6415,
tour_6416,
tour_6417,
tour_6421,
tour_6425,
tour_6427,
tour_6434,
tour_6437,
tour_6442,
tour_6446,
tour_6451,
tour_6457,
tour_6463,
tour_6464,
tour_6467,
tour_6472,
tour_6473,
tour_6474,
tour_648,
tour_653,
tour_659,
tour_66,
tour_660,
tour_661,
tour_663,
tour_665,
tour_667,
tour_67,
tour_674,
tour_677,
tour_682,
tour_683,
tour_685,
tour_690,
tour_7,
tour_700,
tour_701,
tour_704,
tour_705,
tour_707,
tour_711,
tour_714,
tour_718,
tour_726,
tour_729,
tour_733,
tour_734,
tour_735,
tour_742,
tour_747,
tour_750,
tour_753,
tour_757,
tour_759,
tour_764,
tour_765,
tour_771,
tour_772,
tour_776,
tour_780,
tour_787,
tour_791,
tour_794,
tour_798,
tour_805,
tour_816,
tour_817,
tour_819,
tour_830,
tour_831,
tour_836,
tour_837,
tour_843,
tour_844,
tour_850,
tour_861,
tour_863,
tour_870,
tour_874,
tour_878,
tour_879,
tour_88,
tour_881,
tour_882,
tour_888,
tour_890,
tour_891,
tour_892,
tour_894,
tour_897,
tour_901,
tour_903,
tour_905,
tour_906,
tour_915,
tour_918,
tour_921,
tour_923,
tour_925,
tour_931,
tour_937,
tour_938,
tour_941,
tour_942,
tour_947,
tour_95,
tour_950,
tour_958,
tour_959,
tour_96,
tour_963,
tour_964,
tour_965,
tour_968,
tour_971,
tour_972,
tour_977,
tour_988,
tour_990,
tour_992,
tour_996,
tour_998,